company_name,funding_citation
foundation for health research and training in the region of murcia,https://www.nanemiar.eu/nanemiar/consortium.jsf
national center for research resources,https://taggs.hhs.gov/Detail/CFDADetail?arg_CFDA_NUM=93389
the scripps research institute,https://en.wikipedia.org/wiki/Scripps_Research
instituto de investigacion sanitaria marques de valdecilla,https://es.wikipedia.org/wiki/Instituto_de_Investigaci%C3%B3n_Marqu%C3%A9s_de_Valdecilla
fondazione telethon,https://www.fondazionetelethon.it/en/
indian council of medical research,https://www.indiascienceandtechnology.gov.in/organisations/ministry-and-departments/indian-council-medical-research-icmr
fundacio institut d''investigacio en ciencies de la salut germans trias i pujol,https://es.linkedin.com/company/igtp
cellular biomedicine group inc,https://www.oncologypipeline.com/apexonco/cellular-biomedicine-draws-line-under-its-past
cellular biomedicine group ltd,https://www.oncologypipeline.com/apexonco/cellular-biomedicine-draws-line-under-its-past
palisade bio inc,https://www.stocktitan.net/news/PALI/palisade-bio-announces-closing-of-upsized-138-million-public-4rnirkc1nrjh.html
"palisade bio, inc",https://www.stocktitan.net/news/PALI/palisade-bio-announces-closing-of-upsized-138-million-public-4rnirkc1nrjh.html
immunotech biopharm ltd,https://www.bioworld.com/keywords/18537-immunotech-biopharm-ltd
mirror biologics inc,https://srfc.law/cmf-represents-mirror-biologics-inc-14-million-offering/
shanghai bioray laboratory inc,https://www.linkedin.com/company/bioraypharm
estrella biopharma inc,https://www.winston.com/en/experience/estrella-biopharma-inc-closes-business-combination-with-tradeup-acquisition-corp-68701101
athenex inc,https://www.linkedin.com/company/athenex
23 century clinic,https://23cbio.com/
nexcella inc,https://www.cirm.ca.gov/our-progress/institutions/nexcella-inc/
targazyme inc,https://www.targazyme.com/
shenzhen pregene biopharma co ltd,https://www.prnewswire.com/news-releases/pregene-enters-into-innovative-partnership-with-cellpoint-to-develop-anti-bcma-car-t-cell-therapy-in-europe-and-the-us-301518944.html
biotherapy services ltd,https://www.foresight.group/news/innovative-biopharmaceutical-company-biotherapy-services-ltd-secures-30-million-investment-from-foresight
carsgen therapeutics ltd,https://www.prnewswire.com/news-releases/carsgen-therapeutics-announces-2025-interim-results-302529973.html
dc prime bv,https://synapse.patsnap.com/organization/315d16d189f14690fc499e0fd3181fef
abelzeta inc,https://www.oncologypipeline.com/apexonco/cellular-biomedicine-draws-line-under-its-past
mana therapeutics inc,https://www.businesswire.com/news/home/20211130005364/en/MANA-Therapeutics-Announces-Final-Closing-of-Series-A-and-Closing-of-Venture-Debt-Facility
discgenics inc,https://www.crunchbase.com/organization/discgenics
huadao shanghai biomedical co ltd,https://sa.marketscreener.com/news/huadao-bio-pharmaceutical-co-ltd-announced-that-it-expects-to-receive-cny-50-million-in-funding-f-ce7d58dfdb8cf421
avenge bio inc (inactive),https://www.decibio.com/insights/next-generation-therapeutics-newsletter-august-roundup-2024
kronos bio inc,https://www.globenewswire.com/news-release/2025/05/01/3072392/0/en/Kronos-Bio-Enters-into-Agreement-to-Be-Acquired-by-Concentra-Biosciences-for-0-57-in-Cash-per-Share-Plus-a-Contingent-Value-Right.html
clinical research unit of nanoro,https://www.gatesfoundation.org/about/committed-grants/2024/12/inv-082271
institute for developing science & health initiatives,https://www.gatesfoundation.org/about/committed-grants/2023/08/inv-059440
indiana nanotech llc,https://www.sbir.gov/portfolio/189604
pure biologics sa,https://www.linkedin.com/company/pure-biologics/
seagen inc,https://www.linkedin.com/company/seagen
cynata therapeutics ltd,https://au.linkedin.com/company/cynata-therapeutics
human immunology biosciences inc,https://www.goodwinlaw.com/en/news-and-events/news/2024/05/announcements-lifesciences-hi-bio-acquired-by-biogen
flatley discovery lab,https://www.whoi.edu/press-room/news-release/whoi-teaming-with-flatley-discovery-lab-in-search-for-effective-treatments-for-cystic-fibrosis/
avid bioservices inc,https://www.globenewswire.com/news-release/2024/11/06/2976216/0/en/Avid-Bioservices-to-be-Acquired-by-GHO-Capital-Partners-and-Ampersand-Capital-Partners-in-1-1-Billion-Transaction.html
dermira inc (inactive),https://www.prnewswire.com/news-releases/lilly-announces-agreement-to-acquire-dermira-300984850.html
vertex pharmaceuticals inc,https://www.linkedin.com/company/vertex-pharmaceuticals
palatin technologies inc,https://www.prnewswire.com/news-releases/palatin-technologies-announces-closing-of-reduced-public-offering-302450802.html
first wave biopharma inc,https://finance.yahoo.com/news/first-wave-biopharma-inc-raise-115500185.html
center for study of stem cells,https://stemcell.nd.edu/
faculty of medicine thammasat university,Not Found
3sbio inc,https://www.pfizer.com/news/press-release/press-release-detail/pfizer-completes-licensing-agreement-3sbio
forward pharma as,https://www.annualreports.com/Company/forward-pharma-as
marinomed biotech ag,https://at.linkedin.com/company/marinomed-biotech-ag
samsung biologics co ltd,https://en.wikipedia.org/wiki/Samsung_Biologics
bhi therapeutic sciences,https://bhisciences.com/
winsantor inc,https://p2pmarketdata.com/companies/winsantor/
iqure pharma inc,https://synapse.patsnap.com/organization/5a48e07e9842147b7d06a61cf3c25080
gammacan international inc (inactive),https://www.biospace.com/gammacan-international-inc-closes-additional-1-2-million-investment
"tularik, inc. (inactive)",https://investors.amgen.com/news-releases/news-release-details/amgen-acquire-tularik-13-billion
orbsen therapeutics ltd,https://ie.linkedin.com/company/orbsen-therapeutics-limited
oncosec medical inc,https://www.linkedin.com/company/oncosec-medical-inc
kazia therapeutics ltd,https://au.linkedin.com/company/kaziatx
perseus proteomics inc,https://www.linkedin.com/company/perseus-proteomics-inc-
gut-brain axis therapeutics llc,https://tracxn.com/d/companies/gut-brain-axis-therapeutics/__BTbkK1bKAScZPLZ4IVIMrjx529AHNlvkD-Du7uyck_g
arrevus inc,https://tracxn.com/d/companies/arrevus/__Iq55l7zSe_6cVHSs9t_n3GgmDQaMHT18VcyN76U-gdg
eclipse life sciences inc,https://www.inknowvation.com/sbir/companies/eclipse-life-sciences-inc
neovac ltd,https://www.cbinsights.com/company/neovac
"aliada therapeutics, inc",https://www.fiercebiotech.com/biotech/abbvie-inks-14b-aliada-buyout-landing-ex-jj-alzheimers-drug-leap-blood-brain-barrier
ganymed pharmaceuticals gmbh,https://www.astellas.com/en/news/7896
"point therapeutics, inc. (inactive)",https://www.statnews.com/2023/10/03/lilly-bolts-another-one-on-acquiring-point-therapeutics-for-1-4-billion/
keybioscience ag,Not Found
antria inc,https://www.linkedin.com/company/antria-inc-
bexion pharmaceuticals inc,https://www.crunchbase.com/organization/bexion-pharmaceuticals
bexion pharmaceuticals llc,https://www.linkedin.com/company/bexion-pharmaceuticals
meridian bioscience inc,https://www.prnewswire.com/news-releases/meridian-bioscience-inc-enters-into-agreement-to-be-acquired-by-sd-biosensor-and-sjl-partners-in-1-53-billion-all-cash-transaction-301582257.html
sarkana pharma inc,https://www.cbinsights.com/company/sarkana-pharma
the hospital for sick children,Not Found
the hospital for sick children,https://en.wikipedia.org/wiki/The_Hospital_for_Sick_Children_(Toronto)
biomarin pharmaceutical inc,https://en.wikipedia.org/wiki/BioMarin_Pharmaceutical
ose immunotherapeutics sa,https://www.linkedin.com/company/ose-immunotherapeutics/
lixte biotechnology holdings inc,https://www.linkedin.com/company/lixte-biotechnology-holdings-inc-
african institute of biomedical science and technology,https://www.gatesfoundation.org/about/committed-grants/2021/10/inv036801
aqualung therapeutics corp,https://finance.yahoo.com/news/aqualung-therapeutics-receives-fda-clearance-213000316.html
curemark llc,https://www.linkedin.com/company/curemark-llc
censa pharmaceuticals inc,https://www.linkedin.com/company/censa-pharmaceuticals-inc
canadian cancer trials group,https://www.ctg.queensu.ca/
australasian myeloma research consortium,https://clinicaltrialsalliance.org.au/latest-news/amarc-frail-m/
canadian cancer trials group,https://www.ctg.queensu.ca/
trius therapeutics inc (inactive),https://www.fiercebiotech.com/financials/cubist-splurges-on-trius-and-optimer-buyouts-to-spur-antibiotics-growth
novavax inc,https://en.wikipedia.org/wiki/Novavax
biomedical advanced research and development authority,https://en.wikipedia.org/wiki/Biomedical_Advanced_Research_and_Development_Authority
orgenesis inc,https://www.linkedin.com/company/orgenesis-inc-orgs-
personalized stem cells inc,https://www.crunchbase.com/organization/personalized-stem-cells
idp discovery pharma sl,https://www.linkedin.com/company/idp-pharma
sinapis pharma inc,https://tracxn.com/d/companies/sinapis-pharma/__GcsiCfXBTdokIsEDfRt6QxfQ3SYAyBUoJL7guMzTxLA
hangzhou jiuyuan gene engineering co ltd,https://www.linkedin.com/company/hangzhou-jiuyuan-gene-engineering-co-ltd-/
alios biopharma inc,https://www.jnj.com/media-center/press-releases/johnson-johnson-announces-agreement-to-acquire-alios-biopharma
inhibrx biosciences inc,https://www.sanofi.com/en/media-room/press-releases/2024/2024-05-30-13-01-38-2890833
inhibrx inc,https://www.sanofi.com/en/media-room/press-releases/2024/2024-01-23-06-30-00-2813696
regulus therapeutics inc,https://www.prnewswire.com/news-releases/regulus-therapeutics-reports-first-quarter-2025-financial-results-and-recent-updates-302449287.html
demerx inc,https://finance.yahoo.com/news/demerx-awarded-1-7-million-114500503.html
poltreg sa,https://synapse.patsnap.com/organization/a96ddad8f30fa9bd5fc967f4537a5531
provirex genome editing therapies gmbh,https://www.linkedin.com/company/provirex
synact pharma ab,https://se.linkedin.com/company/synact-pharma
pharma holdings as,https://www.linkedin.com/company/pharma-holdings-as/
cytodyn inc,https://www.globaldata.com/company-profile/cytodyn-inc/
cincor pharma inc,https://www.astrazeneca.com/media-centre/press-releases/2023/astrazeneca-acquire-cincor-for-cardiorenal-asset.html
izana bioscience ltd,https://uk.linkedin.com/company/izana-bioscience
maggie's pearl llc,https://www.inknowvation.com/sbir/companies/maggies-pearl-llc
liminal biosciences inc,https://ca.linkedin.com/company/liminal-biosciences-inc
rin institute inc,https://tracxn.com/d/companies/rin-institute/__q0FDM8NQojBvBmePGdZT8JJV7AxPYP7FdA-3wk1F5oA
camino pharma llc,https://www.prnewswire.com/news-releases/camino-pharma-receives-1-97m-small-business-innovation-research-sbir-grant-from-the-national-institute-of-alcohol-abuse-and-alcoholism-302008086.html
five prime therapeutics inc,https://www.amgen.com/newsroom/press-releases/2021/03/amgen-to-acquire-five-prime-therapeutics-for-$1-9-billion-in-cash
zogenix inc (inactive),https://www.prnewswire.com/news-releases/ucb-to-acquire-zogenix-301463511.html
flamingo therapeutics nv,https://www.crunchbase.com/organization/flamingo-therapeutics
okyo pharma ltd,https://www.cnn.com/markets/stocks/OKYO
exonate ltd,https://uk.linkedin.com/company/exonate-limited
biocon ltd,https://en.wikipedia.org/wiki/Biocon
lytix biopharma as,https://www.crunchbase.com/organization/lytix-biopharma
immunogen inc,"https://news.abbvie.com/2023-11-30-AbbVie-to-Acquire-ImmunoGen,-including-its-Flagship-Cancer-Therapy-ELAHERE-R-mirvetuximab-soravtansine-gynx-,-Expanding-Solid-Tumor-Portfolio"
biora therapeutics inc,https://www.globenewswire.com/news-release/2024/12/30/3002651/0/en/Biora-Therapeutics-Undertakes-Chapter-11-Sale-Process-to-Position-Business-for-Future-Growth.html
eradivir inc,https://www.purdue.edu/newsroom/2024/Q3/biotech-company-eradivir-closes-10-25m-series-a-funding-round-to-complete-phase-2a-study-of-influenza-therapeutic
interna technologies bv,https://interna.bio/
orfagen sas,https://www.orphagen.com/news/
adocia sas,https://www.crunchbase.com/organization/adocia
calcimedica subsidiary inc,https://www.globenewswire.com/news-release/2023/03/20/2630834/0/en/CalciMedica-Announces-Closing-of-Merger-with-Graybug-Vision-and-Concurrent-Private-Placement.html
grace therapeutics inc,https://ca.linkedin.com/company/grace-tx
causeway therapeutics ltd,https://www.crunchbase.com/organization/causeway-therapeutics
eureka therapeutics inc,https://www.cirm.ca.gov/our-progress/institutions/eureka-therapeutics-inc/
metro international biotech llc,https://www.alzdiscovery.org/research-and-grants/portfolio-details/22305397
imgt co ltd,Not Found
prometheus biosciences inc,https://www.merck.com/news/merck-completes-acquisition-of-prometheus-biosciences-inc/
trethera corp,https://taggs.hhs.gov/Detail/RecipDetail?arg_EntityId=NmCCWxtCeZDQst3K7lIfWA%3D%3D
immunimed inc,https://www.gatesfoundation.org/about/committed-grants/2017/05/inv-006740
altor bioscience llc,https://www.gatesfoundation.org/about/committed-grants/2008/10/opp52092
sustained therapeutics inc,https://www.crunchbase.com/organization/sustained-therapeutics
ocugenix corp,https://tracxn.com/d/companies/ocugenix/__0shCy6suhFItWa1V-_lY4Bphb_8HQ7tfMwsoomZWvLA
rich pharmaceuticals inc (inactive),https://finance.yahoo.com/news/rich-pharmaceuticals-announces-collaboration-agreement-134500366.html
apeiron biologics ag,https://investor.ligand.com/news-and-events/press-releases/news-details/2024/Ligand-to-Acquire-APEIRON-Biologics-AG-for-100-Million/default.aspx
cabaletta bio inc,https://www.linkedin.com/company/cabalettabio
gracell biotechnologies inc,https://www.linkedin.com/company/gracellbio
kousai bio co ltd,https://www.kousai.vip/en/2023/11/2338/
radiomedix inc,https://www.sanofi.com/en/media-room/press-releases/2024/2024-09-12-05-00-00-2944919
piqur therapeutics ag (inactive),https://www.linkedin.com/pulse/swiss-rockets-ag-acquired-assets-intellectual-property-piqur-?trk=public_post_main-feed-card_feed-article-content
nkarta inc,https://www.biopharmadive.com/news/nkarta-layoffs-restructuring-autoimmune-cell-therapy/743693/
bright minds biosciences inc,https://finance.yahoo.com/quote/DRUG.CN/profile/
theseus pharmaceuticals inc,"https://pitchbook.com/profiles/company/464310-37#:~:text=Theseus%20Pharmaceuticals%20Inc%20is%20a,commercialization%20of%20transformative%20targeted%20therapies."
aadi bioscience inc,https://www.prnewswire.com/news-releases/aadi-bioscience-announces-closing-of-100-million-pipe-financing-302392049.html
whitehawk therapeutics inc,https://www.biospace.com/press-releases/aadi-bioscience-relaunches-as-whitehawk-therapeutics-marking-evolution-into-adc-company
mersana therapeutics inc,https://www.linkedin.com/company/mersana-therapeutics
adc therapeutics sa,https://www.linkedin.com/company/adc-therapeutics
anaptysbio inc,https://www.crunchbase.com/organization/anaptysbio
hutchmed china ltd,https://www.linkedin.com/company/hutchmed
entrada therapeutics inc,https://www.linkedin.com/company/entradatx
context therapeutics inc,https://www.linkedin.com/company/context-therapeutics
nordic bioscience as,https://www.linkedin.com/company/nordicbioscience/
camp4 therapeutics corp,https://www.linkedin.com/company/camp4-therapeutics
oncusp therapeutics inc,https://www.prnewswire.com/news-releases/oncusp-therapeutics-raises-oversubscribed-100-million-series-a-financing-to-advance-portfolio-of-assets-for-cancer-patients-302026328.html
coherent biopharma,https://www.crunchbase.com/funding_round/coherent-biopharma-series-b--3f1f2ffd
granite bio ag,https://forbion.com/news-insights/news/forbion-co-leads-100-million-series-b-financing-of-granite-bio/
palleon pharmaceuticals inc,https://www.linkedin.com/company/palleon-pharmaceuticals
arctic vision shanghai biotechnology co ltd,https://www.crunchbase.com/organization/arctic-vision
blossomhill therapeutics inc,https://www.crunchbase.com/organization/blossomhill-therapeutics
goldfinch bio inc,https://www.biopharmadive.com/news/karuna-goldfinch-deal-brain-drugs-psychiatry/641863/
tianjin xinyi suntech biomedical technology co ltd,https://www.tjsjkt.com/en/about.aspx
boundless bio inc,https://www.crunchbase.com/organization/boundless-bio
galvanize therapeutics inc,https://www.prnewswire.com/news-releases/galvanize-therapeutics-raises-100-million-in-oversubscribed-series-c-financing-to-transform-the-treatment-of-cancer-and-chronic-lung-disease-302544329.html
asceneuron sa,https://eqtgroup.com/news/eqt-life-sciences-invests-in-asceneuron-a-neurodegeneration-therapeutics-company-as-part-of-usd-100-million-series-c-financing-round-2024-07-16
autobahn therapeutics inc,https://www.biopharmadive.com/news/autobahn-therapeutics-cns-depression-bipolar-series-c/722214/
siteone therapeutics inc,https://www.biopharmadive.com/news/lilly-siteone-acquisition-pain-drug-non-opioid-deal/749012/
umoja biopharma inc,https://www.biospace.com/employer/2387738/umoja-biopharma
forma therapeutics inc,https://www.linkedin.com/company/forma-therapeutics
avalyn pharma inc,https://www.globenewswire.com/news-release/2025/07/22/3119277/0/en/Avalyn-Completes-Oversubscribed-100-Million-Series-D-Financing-to-Further-Advance-Clinical-Development-of-Novel-Inhaled-Therapies-for-Pulmonary-Fibrosis.html
f2g ltd,https://www.crunchbase.com/organization/f2g
engeneic ltd,https://www.forbes.com.au/covers/entrepreneurs/inside-engeneics-100-million-push-to-transform-cancer-treatment/
epicentrx inc,https://www.epicentrx.com/blog/on-the-origin-of-rrx-001/
lyndra therapeutics inc.,https://www.crunchbase.com/organization/lyndra-inc
mythic therapeutics inc,https://pitchbook.com/profiles/company/343417-51
cleave therapeutics inc,https://tracxn.com/d/companies/cleave-therapeutics/__nDRL7oA4ADt6Q-uoh3NhVEJ52kW861LosD9qLVtpRR0
entasis therapeutics holdings inc,https://www.repair-impact-fund.com/investment/entasis-therapeutics/
sorrento therapeutics inc (inactive),https://financhill.com/blog/investing/will-sorrento-therapeutics-stock-recover
aligos therapeutics inc,https://be.linkedin.com/company/aligos-therapeutics
arch oncology inc,https://www.biostl.org/news-and-media/home/biogenerator-company-arch-oncology-closes-105m-series-c-financing
harbor therapeutics inc,https://www.prnewswire.com/news-releases/harbour-biomed-enters-into-global-strategic-collaboration-with-astrazeneca-to-discover-and-develop-next-generation-therapeutic-antibodies-302407924.html
vedanta biosciences inc,https://puretechhealth.com/programs/details/vedanta
seven and eight biopharmaceuticals corp,https://tracxn.com/d/companies/seven-and-eight-biopharmaceuticals/__a9OdNFmns11m73ysl4o38Wi72R0vJYtfttFaZEm13YU
urogen pharma ltd,https://www.linkedin.com/company/urogenpharma
juventas therapeutics inc,https://tracxn.com/d/companies/juventas-therapeutics/__5JZ4GHM003Q7TnAJOU-iTSocnI5n5B7Wo-j4LrTVZQM
rs research,https://tr.linkedin.com/company/rs-research
nido biosciences inc,https://www.fiercebiotech.com/biotech/new-neurological-disease-biotech-nido-unveils-109m-backing-eli-lilly
tennor therapeutics ltd,https://tracxn.com/d/companies/tennor-therapeutics/__-0UBdfEdlO7v9IdvCSmHnYxuTnX9JwIYzfzgXvH23Eo
acceleron pharma inc,https://www.merck.com/news/merck-completes-acquisition-of-acceleron-pharma-inc/
verona pharma plc,https://www.merck.com/news/merck-to-acquire-verona-pharma-expanding-its-portfolio-to-include-ohtuvayre-ensifentrine-a-first-in-class-copd-maintenance-treatment-for-adults-and-expected-to-drive-growth-into-the-next-dec/
pluri inc,https://finance.yahoo.com/quote/PLUR/
cellatoz therapeutics inc,https://www.nature.com/articles/d43747-020-00921-8
hookipa pharma inc,https://finance.yahoo.com/news/hookipa-pharma-announces-intention-voluntarily-200500019.html
aortica group,https://evtoday.com/news/terumo-acquires-aortica-corporation-to-further-bolster-its-vascular-graft-portfolio
bioelectron technology corp,https://www.fiercebiotech.com/biotech/pct-therapeutics-elevates-biotech-buyout-ceo-to-chief-development-officer
cascadian therapeutics inc,https://www.biospace.com/seattle-genetics-completes-acquisition-of-cascadian-therapeutics
keryx biopharmaceuticals inc (inactive),https://biopharmguy.com/links/company-by-name-defunct.php
small pharma ltd,https://www.biospace.com/cybin-completes-acquisition-of-small-pharma-inc-to-create-international-clinical-stage-leader-in-novel-psychedelic-therapeutics
pharmajet inc,https://www.linkedin.com/company/pharmajet-inc
vivani medical inc,https://finance.yahoo.com/quote/VANI/
shanghai sinobioway sunterra biotechnology co ltd,https://exumabio.com/news/f1-oncology-announces-development-milestone-and-10m-equity-investment/
ilya pharma ab,https://www.crunchbase.com/organization/ilya-pharma
rise therapeutics llc,https://www.linkedin.com/company/rise-therapeutics
an2 therapeutics inc,https://www.linkedin.com/company/an2-therapeutics-inc
nalagenetics pte ltd,https://www.crunchbase.com/organization/nalagenetics
pibd-net,https://www.hra.nhs.uk/planning-and-improving-research/application-summaries/research-summaries/pibd-net-inception-cohort-and-safety-registry/
beijing kawin technology share-holding co ltd,https://www.kawin-bio.com/about/profile/
biolinerx ltd,https://en.wikipedia.org/wiki/BioLineRx
jiangsu qyuns therapeutics co ltd,https://www.qyuns.net/en/
shanghai mabgeek biotechnology co ltd,https://www.mabge.com/en/
"shanghai mabgeek biotechnology co., ltd",https://www.mabge.com/en/
shanghai meiji biotechnology co ltd,https://www.mabge.com/en/
transcode therapeutics inc,https://www.prnewswire.com/news-releases/transcode-therapeutics-inc-announces-registered-direct-offering-priced-at-the-market-under-nasdaq-rules-302408720.html
verrica pharmaceuticals inc,https://www.globenewswire.com/news-release/2025/10/07/3162943/0/en/Verrica-Pharmaceuticals-to-Present-New-Data-on-VP-315-from-its-Phase-2-Trial-in-Basal-Cell-Carcinoma-BCC-at-the-40th-Society-for-Immunotherapy-of-Cancer-SITC-Annual-Meeting.html
cel-sci corp,https://finance.yahoo.com/quote/CVM/
reviva pharmaceuticals holdings inc,https://finance.yahoo.com/quote/RVPH/press-releases/
neurotech international ltd,https://nextinvestors.com/company/asx-nti/
clearmind medicine inc,https://www.clearmindmedicine.com/
everfront biotech inc,https://www.renaissancecapital.com/IPO-Center/News/108502/Taiwanese-medical-device-developer-Everfront-Biotech-Holding-files-for-a-$1
galectin therapeutics inc,https://www.linkedin.com/company/galectin-therapeutics
puma biotechnology inc,https://www.linkedin.com/company/puma-biotechnology-ltd
inventiva sa,https://www.linkedin.com/company/inventiva-pharma
lifetech scientific (shenzhen) co ltd,https://in.linkedin.com/company/lifetech-scientific-inc-
elicio therapeutics inc,https://www.linkedin.com/company/elicio-therapeutics-01
adams clinical trials llc,https://www.linkedin.com/company/adams-clinical
pharmactive,https://www.crunchbase.com/organization/pharmactive
ellipses pharma ltd,https://uk.linkedin.com/company/ellipses-pharma
jaguar gene therapy llc,https://deerfield.com/what-we-do/investment/portfolio/companies/jaguar-gene-therapy
fbd biologics ltd,https://www.pharmaindustrial-india.com/news/henlius-hanchorbio-partner-to-develop-novel-sirp-fc-fusion-for-tumour-immunotherapy
maia biotechnology inc,https://en.wikipedia.org/wiki/Maia_Biotechnology
navifus corp,https://is.linkedin.com/company/navifus-corporation
orfan-bio,https://o2h.com/ventures/orfan-biotech-a-company-dedicated-to-developing-small-molecules-for-the-treatment-of-primary-hyperoxaluria/
pharmabcine inc,https://www.nature.com/articles/d43747-020-00769-y
provectus biopharmaceuticals inc,https://finance.yahoo.com/quote/PVCT/
bioniz therapeutics inc,https://synapse.patsnap.com/organization/0aa07e3953e6f8ea631534cd1e3d5ee5
digestome therapeutics inc,https://www.viagetx.com/
obctcd24 ltd,https://www.ivc-online.com/Google-Card?id=c02d7cdd-4a83-ec11-b80d-00505695cd29
alyra biotech pty ltd,https://www.drsusanevans.com.au/innovation/
aptissen sa,https://www.crunchbase.com/organization/aptissen
autifony therapeutics ltd,https://www.uclb.com/portfolio/our-spinouts/autifony-therapeutics-ltd/
cebiotex sl,https://www.f6s.com/company/cebiotex
indiana university research & technology corp,https://iuventures.com/introducing-iu-ventures-the-future-of-iu-innovation/
kaizen bioscience co,https://www.crunchbase.com/organization/kaizen-bioscience
kyoto drug discovery & development co ltd,https://www.kyoto-unicap.co.jp/en/embark/kyoto-drug/
sinew pharma inc,https://www.crunchbase.com/organization/sinew-pharma-inc
the therapeutic advances in childhood leukemia & lymphoma (tacl) consortium,https://pcrf-kids.org/2023/10/10/new-clinical-trial-seeks-to-lower-risks-expand-leukemia-treatment-options-for-children/
theracryf plc,https://theracryf.com/
modulation therapeutics inc,https://www.linkedin.com/company/modulation-therapeutics
neurocentrx pharma ltd,https://www.businesswire.com/news/home/20250923615281/en/Neurocentrx-Closes-Seed-Extension-Round-Including-Funding-from-the-Wellcome-Trust
pep-therapy sas,https://pep-therapy.com/
innostellar biotherapeutics co ltd,https://www.legendcapital.com.cn/news_en/index_mob.aspx?nodeid=45&page=ContentPage&contentid=561
pulsesight therapeutics sas,https://sprim.net/pulsesight-therapeutics-announces-first-close-of-its-series-a-financing-to-fund-clinical-development-of-pst-611-in-dry-amd/
suzhou huayi liangjian biotechnology co ltd,https://tracxn.com/d/companies/suzhou-huayi-lejian-biotechnology/__8rcRT8U5H73UHhKHL4SosZhm1AGUeOdtkKd_OEoTJqU
vigeneron gmbh,https://www.bionity.com/en/companies/1035873/vigeneron-gmbh.html
al-s pharma ag,https://tvm-capital.com/portfolio/al-s-pharma-ag/
clarametyx biosciences inc,https://www.businesswire.com/news/home/20250128564757/en/Clarametyx-Biosciences-Announces-Investment-by-Kineticos-AMR-Accelerator-Fund
enb therapeutics llc,https://www.avestria.vc/enb-therapeutics
immunesensor therapeutics inc,https://www.crunchbase.com/organization/immunesensor-therapeutics
kalivir immunotherapeutics inc,https://www.crunchbase.com/organization/kalivir-immunotherapeutics
pancreatic cancer research team,https://www.aacr.org/professionals/research-funding/funded-research/independent-research-grants/pancreatic-cancer-collective/
peel therapeutics inc,https://www.linkedin.com/company/peel-therapeutics
zhejiang xinkanghe biomedical technology co ltd,http://en.kanovabiopharma.com/
shanghai rnacure biopharma co ltd,https://www.cbinsights.com/company/rnacure
sirnagen therapeutics corp,https://www.decibio.com/insights/the-broadening-use-of-sirna-in-the-clinic-decibios-q-a-with-june-park-ceo-of-sirnagen-therapeutics
myr gmbh,https://www.htgf.de/en/portfolio/htgffamily/myr-2/
allievex corp,https://www.linkedin.com/company/allievex
alteogen inc,https://www.linkedin.com/company/alteogen/
chongqing kerun biopharm r &,https://www.globaldata.com/company-profile/chongqing-zhifei-biological-products-co-ltd/deals/
amazentis sa,https://www.nestlehealthscience.com/newsroom/press-releases/nestle-health-science-invests-in-global-strategic-partnership-with-amazentis-to-develop-its-new-cellular-nutrient-urolithinamazentis-to-develop-its-new-cellular-nutrient-urolithin
hangzhou chance pharmaceuticals,https://synapse.patsnap.com/organization/1993ca9f51daf14bbec67e3275b91c49
intezyne inc,https://www.crunchbase.com/organization/intezyne-technologies
landos biopharma inc,https://nimml.org/news/detail/landos-biopharma-raises-10-million-to-develop-new-therapeutics-for-autoimmu
qingdao sino-cell biomedicine co ltd,https://www.cbinsights.com/company/sino-cell-biomed
river 3 renal corp (inactive),https://www.baincapital.com/news/narrow-river-management-announces-formation-and-financing-two-new-companies-developing
oncostellae sl,https://www.linkedin.com/company/oncostellae/
vogenx inc,https://www.crunchbase.com/organization/vogenx
yiviva inc,https://www.linkedin.com/company/yiviva
exeliom biosciences sas,https://fr.linkedin.com/company/exeliombio
endevica bio,https://www.linkedin.com/company/endevicabio
endevica bio inc,https://www.crunchbase.com/organization/tci-peptide-therapeutics
suzhou jinmeng biotechnology co ltd,https://be.linkedin.com/company/cellprobio-biotech
pharmeste srl,https://www.mp-healthcare.com/portfolio
phoenix solutions as,https://exact-tx.com/news-page/2017-04
shanghai high-tech bioengineering co ltd,https://www.bioengine-global.com/company-overview
genome & co,http://genomecom.co.kr/eng/about/
genome &,http://genomecom.co.kr/eng/about/
immvira co ltd,https://hk.linkedin.com/company/immvira
wecare probiotics co ltd,https://www.crunchbase.com/organization/wecare-probiotics
zhongze therapeutics,https://www.zhongzetherapeutics.com/index.php/en
swanbio therapeutics inc,https://www.crunchbase.com/organization/swanbio-therapeutics
swanbio therapeutics ltd,https://www.crunchbase.com/organization/swanbio-therapeutics
clovis oncology inc,https://www.linkedin.com/company/clovis-oncology
nectin therapeutics ltd,https://www.crunchbase.com/organization/nectin-therapeutics
armagen inc,https://www.linkedin.com/company/armagen
pneumagen ltd,https://uk.linkedin.com/company/pneumagen-limited
sl vaxigen inc,https://www.cbinsights.com/company/sl-vaxigen
abbisko cayman limited,Not Found
recovac consortium,https://www.pandemicpact.org/grants/P29519
gamaleya federal research center of epidemiology and microbiology,Not Found
midatech pharma plc,https://finance.yahoo.com/news/bioaf-merger-midatech-pharma-150700246.html
qpex biopharma inc,https://www.shionogi.com/global/en/news/2024/05/E_20240531_1.html
shasqi inc,https://www.linkedin.com/company/shasqi-inc-
sun pharma advanced research company ltd,https://medicine.washu.edu/news/sun-pharma-advanced-research-co-commits-10-million-drug-development/
immusoft corp,https://www.cirm.ca.gov/our-progress/institutions/immusoft-corporation/
incyclix bio llc,https://finance.yahoo.com/news/incyclix-bio-secures-11-25-110000925.html
intensity therapeutics inc,https://www.prnewswire.com/news-releases/intensity-therapeutics-reports-second-quarter-2025-financial-results-and-provides-corporate-update-302524797.html
bioverativ inc,https://en.wikipedia.org/wiki/Bioverativ
bioverativ therapeutics inc,https://en.wikipedia.org/wiki/Bioverativ
genascence corp,https://www.linkedin.com/company/genascence-corporation
forsight vision5 inc,https://www.linkedin.com/company/forsight-vision5
wellmarker bio co ltd,https://www.linkedin.com/company/wellmarkerbio/
kite pharma inc,https://www.gilead.com/news/news-details/2017/gilead-sciences-to-acquire-kite-pharma-for-119-billion
impact biotech limited,https://www.crunchbase.com/organization/impact-biotech
aptose biosciences inc,https://www.linkedin.com/company/aptose-biosciences
foundation for research and biomedical innovation of the infanta leonor university hospital,https://beamerproject.eu/b-compass-pilot-site/foundation-for-biomedical-research-and-innovation-in-primary-care-of-madrid/
xencor inc,https://www.globaldata.com/company-profile/xencor-inc/
t-knife gmbh,https://www.mdc-berlin.de/news/press/berlin-start-t-knife-raises-110-million
macrogenics inc,https://www.linkedin.com/company/macrogenics
cargo therapeutics inc,https://cargo-tx.com/cargo-therapeutics-announces-110-0-million-private-placement-equity-financing/
foghorn therapeutics inc,https://www.linkedin.com/company/foghorn-therapeutics
neogene therapeutics inc,https://www.crunchbase.com/organization/neogene-therapeutics
ribox (shanghai) therapeutics co ltd,https://synapse.patsnap.com/organization/ee9d476e4c53bda0b62fb060da3ea2d1
immpact bio usa inc,https://www.biospace.com/employer/2257824/immpact-bio-usa-inc
intellia therapeutics inc,https://en.wikipedia.org/wiki/Intellia_Therapeutics
zura bio ltd,https://www.stocktitan.net/news/ZURA/
sagimet biosciences inc,https://www.linkedin.com/company/3-v-biosciences
castle creek biosciences inc,https://paragonbiosci.com/2022/05/25/castle-creek-biosciences-raises-112-8-million-to-advance-novel-gene-therapies-and-expand-pipeline/
avencell europe gmbh,https://www.linkedin.com/company/avencell
avencell therapeutics inc,https://www.prnewswire.com/news-releases/avencell-raises-112-million-in-series-b-funding-led-by-novo-holdings-302282924.html
profoundbio us co,https://www.prnewswire.com/news-releases/profoundbio-raises-112-million-in-oversubscribed-series-b-equity-financing-to-advance-its-clinical-stage-antibody-drug-conjugate-adc-pipeline-302060191.html
opthea ltd,https://finance.yahoo.com/quote/OPT.AX/
trevi therapeutics inc,https://www.prnewswire.com/news-releases/trevi-therapeutics-announces-closing-of-115-million-underwritten-offering-and-full-exercise-by-underwriters-of-option-to-purchase-additional-shares-302474714.html
wugen inc,https://www.biopharmadive.com/news/wugen-funding-car-t-allogeneic-off-the-shelf/758726/
talaris therapeutics inc,https://www.linkedin.com/company/talaris-therapeutics
y-mabs therapeutics inc,https://www.linkedin.com/company/y-mabs-therapeutics-inc-
evommune inc,https://wewillcure.com/insights/investment/funding-and-models/evommune-usd115m-series-c-funding-fuels-innovation-in-chronic-inflammation
sudo biosciences inc,https://www.tpg.com/news-and-insights/sudo-biosciences-raises-116m-series-b-financing-to-advance-potential-best-in-class-tyk2-therapeutics-programs-into-the-clinic
amunix operating inc,https://www.baincapital.com/news/amunix-raises-117-million-series-b-financing-fund-its-oncology-pipeline
amunix pharmaceuticals inc,https://www.baincapital.com/news/amunix-raises-117-million-series-b-financing-fund-its-oncology-pipeline
precirix nv,https://www.biopharmadive.com
exelixis inc,https://en.wikipedia.org/wiki/Exelixis
anaveon ag,https://ch.linkedin.com/company/anaveon-ag
alladapt immunotherapeutics inc,https://patientsquarecapital.com/alladapt-announces-completion-of-oversubscribed-119-million-institutional-financing/
pepromene bio inc,https://www.prnewswire.com/news-releases/pepromene-bio-inc-and-the-institute-for-follicular-lymphoma-innovation-ifli-announce-the-first-follicular-lymphoma-fl-patient-treated-with-baff-r-targeting-car-t-cells-pmb-ct01-achieves-a-complete-response-302460318.html
pmd device solutions ab,https://www.irishexaminer.com/business/companies/arid-41545816.html
"Genaissance Pharmaceuticals, Inc. (inactive)",https://www.courant.com/2005/06/22/biotech-buyout/
"genaissance pharmaceuticals, inc. (inactive)",https://www.sec.gov/Archives/edgar/data/1110009/000104746905006537/a2152822z10-k.htm
reconnect labs ag,https://www.linkedin.com/company/reconnect-labs
arecor therapeutics plc,https://arecor.com/news/
vensica therapeutics,https://www.calcalistech.com/ctechnews/article/hjeuyr0lye
immunos therapeutics ag,https://www.globenewswire.com/news-release/2024/09/17/2947186/0/en/ImmunOs-Therapeutics-AG-Raises-11-Million-and-Further-Strengthens-Investor-Base.html
national institute for research in tuberculosis,https://en.wikipedia.org/wiki/National_Institute_for_Research_in_Tuberculosis
immunovative therapies ltd,https://www.crunchbase.com/organization/immunovative-therapies
lineage cell therapeutics inc,https://www.linkedin.com/company/lineagecell
ck regeon inc,https://www.crunchbase.com/organization/ck-regeon
kezar life sciences inc,https://www.linkedin.com/company/kezarlifesciences
bergenbio asa,https://www.oncoinvent.com/press-release/bergenbio-and-oncoinvent-a-rising-innovator-in-radiopharmaceutical-cancer-therapies-announce-proposed-merger-and-a-fully-underwritten-rights-issue/
neurotherapia inc,https://www.prnewswire.com/news-releases/neurotherapia-raises-12-3m-in-the-first-close-of-its-series-b-financing-302213518.html
neurotherpia inc,https://www.prnewswire.com/news-releases/neurotherapia-raises-12-3m-in-the-first-close-of-its-series-b-financing-302213518.html
faron pharmaceuticals oy,https://fi.linkedin.com/company/faron
kineta inc,https://www.prnewswire.com/news-releases/tuhura-biosciences-completes-acquisition-of-kineta-302494115.html
oncomatryx biopharma sl,https://www.biospace.com/press-releases/oncomatryx-biopharma-awarded-12-5-million-eic-accelerator-funding-to-advance-groundbreaking-adcs
neurodegenerative disease research inc,https://www.feinberg.northwestern.edu/giving/stories/_stories/2021/ndr-als-gift.html
molecure sa,https://pl.linkedin.com/company/molecure-sa
tolerogenixx gmbh,https://www.labiotech.eu/trends-news/tolerogenixx-expands-trial-closes-financing/
geovax labs inc,https://en.wikipedia.org/wiki/GeoVax
oncoinvent as,https://www.linkedin.com/company/oncoinvent-as/
applied molecular transport inc,https://www.linkedin.com/company/applied-molecular-transport
belief biomed inc,https://www.crunchbase.com/organization/belief-biomed
compass therapeutics inc,https://www.globenewswire.com/news-release/2025/08/11/3130767/0/en/Compass-Therapeutics-Reports-2025-Second-Quarter-Financial-Results-and-Provides-Corporate-Update.html
zenas biopharma inc,https://finance.yahoo.com/news/zenas-biopharma-zbio-32-5-161631854.html
iteos therapeutics inc,"https://www.linkedin.com/company/iteos-therapeutics-sa#:~:text=iTeos%20Therapeutics%20is%20a%20clinical,immuno%2Doncology%20therapeutics%20for%20patients."
pheon therapeutics inc,https://www.crunchbase.com/organization/pheon-therapeutics
nohla therapeutics inc (inactive),https://tracxn.com/d/companies/nohla-therapeutics/__F7pLRBtCiZEQGn_2HwHUCSV_IPp-GTXoUCzzCsPDps8
angitia biopharmaceuticals,https://www.globenewswire.com/news-release/2024/12/11/2995375/0/en/Angitia-Biopharmaceuticals-Announces-120-Million-Series-C-Financing.html
angitia biopharmaceuticals ltd,https://www.globenewswire.com/news-release/2024/12/11/2995375/0/en/Angitia-Biopharmaceuticals-Announces-120-Million-Series-C-Financing.html
cellcentric ltd,https://uk.linkedin.com/company/cellcentric
epimab biotherapeutics inc,https://www.linkedin.com/company/epimab-biotherapeutics/
virogin biotech ltd,https://ca.linkedin.com/company/viroginbiotech
phasebio pharmaceuticals inc,https://www.cov.com/en/news-and-insights/insights/2023/01/phasebio-a-drug-development-financing-almost-tested-in-bankruptcy
st george street capital ltd,https://onenucleus.com/st-george-street-capital-agrees-deal-astrazeneca-drive-science-patients-need
ngm biopharmaceuticals inc,https://www.linkedin.com/company/ngm-biopharmaceuticals
flare therapeutics inc,https://www.crunchbase.com/organization/flare-therapeutics
precigen inc,https://www.prnewswire.com/news-releases/precigen-announces-up-to-125-million-non-dilutive-financing-302544623.html
maverick therapeutics inc,https://www.takeda.com/newsroom/newsreleases/2021/takeda-to-acquire-maverick-therapeutics-to-advance-t-cell-engager-therapies-for-solid-tumors-and-expand-novel-immuno-oncology-portfolio/
vectivbio holding ag,https://www.globenewswire.com/search/organization/VectivBio%2520AG
surmodics inc,https://finance.yahoo.com/quote/SRDX/
astria therapeutics inc,https://www.linkedin.com/company/astria-therapeutics
atreca inc,https://www.linkedin.com/company/atreca-inc
deciphera pharmaceuticals inc,https://www.linkedin.com/company/deciphera-pharmaceuticals
stoke therapeutics inc,https://www.linkedin.com/company/stoke-therapeutics
point biopharma global inc,https://www.linkedin.com/company/point-biopharma
travere therapeutics inc,https://www.linkedin.com/company/travererare
belite bio inc,https://www.linkedin.com/company/belitebio
caribou biosciences inc,https://pitchbook.com/profiles/company/97981-03
fulcrum therapeutics inc,https://www.linkedin.com/company/fulcrum-therapeutics
design therapeutics inc,https://www.linkedin.com/company/designtx
oric pharmaceuticals inc,https://seekingalpha.com/symbol/ORIC
ultragenyx pharmaceutical inc,https://en.wikipedia.org/wiki/Ultragenyx
omega therapeutics inc,https://www.biopharmadive.com/news/omega-therapeutics-bankruptcy-flagship-genetic-medicines/739175/
silverback therapeutics inc,https://www.marketbeat.com/stocks/NASDAQ/SBTX/
archigen biotech ltd (inactive),https://www.centerforbiosimilars.com/view/samsung-biologics-and-astrazeneca-dissolve-rituximab-partnership
adverum biotechnologies inc,https://pitchbook.com/profiles/company/59995-99
amphivena therapeutics inc,https://tracxn.com/d/companies/amphivena-therapeutics/__JvJVEZSnEc1RZwm53v5OHy6TLc5y9H9c98TqGFlrqWA
act biotech inc,https://www.cbinsights.com/company/act-biotech
toragen inc,https://finance.yahoo.com/news/toragen-inc-announces-12-million-232000640.html
acurx pharmaceuticals inc,https://www.prnewswire.com/news-releases/acurx-pharmaceuticals-inc-reports-second-quarter-results-and-provides-business-update-302520712.html
neuexcell therapeutics inc,https://www.nature.com/articles/d43747-021-00136-5
tafalgie therapeutics,https://www.eu-startups.com/2025/09/french-biotech-startup-tafalgie-therapeutics-locks-in-e12-million-to-tackle-the-opioid-crisis-with-non-opioid-drugs/
sillajen biotherapeutics,https://www.crunchbase.com/organization/sillajen
modag gmbh,https://www.izb-online.de/en/unternehmen/modag-gmbh/
myokardia inc,https://news.bms.com/news/details/2020/Bristol-Myers-Squibb-to-Acquire-MyoKardia-for-13.1-Billion-in-Cash/default.aspx
shanghai zerun biotechnology co ltd,https://en.walvax.com/news/148.html
dimerix ltd,https://synapse.patsnap.com/organization/f481122fa792f4c9cec8bda5806926a0
arxx therapeutics as,https://tracxn.com/d/companies/arxx-therapeutics/__y-FKJ4xejT7ExqzNwypGRIDhd2rwqHlfKyzBHY7QP3k
cancer targeted technology llc,https://taggs.hhs.gov/Detail/RecipDetail?arg_EntityId=JVDRz%2FBcf0kGBNQvp%2BUENw%3D%3D
scarless laboratories inc,https://www.sbir.gov/portfolio/297908
pdc line pharma sas,https://www.crunchbase.com/organization/pdc-line-pharma
adjuvance technologies inc,https://tracxn.com/d/companies/adjuvance-technologies/__1gvjW1MY6JQPnm1DA91vbeMJmp-Yja4wXMW2UlKvf0s
bnh research,https://www.biospectator.com/news/view/20877
spine biopharma inc,https://www.linkedin.com/company/spine-biopharma
targed biopharmaceuticals bv,https://nl.linkedin.com/company/targedbiopharmaceuticals
biothera pharmaceutical inc,https://www.linkedin.com/company/biothera
anhui biomec biopharmaceutical co ltd,https://en.lcywhx.com/
kangpu biopharmaceuticals ltd,https://www.linkedin.com/company/kangpu
shanghai kangabio co ltd,https://www.cbinsights.com/company/kangabio
cartesian bio llc,https://www.biospace.com/employer/397218/cartesian-therapeutics
"cartesian bio, llc",https://www.biospace.com/employer/397218/cartesian-therapeutics
changchun bcht biotechnology co ltd,http://www.bchtpharm.com/en/
evopoint bioscience co ltd,"https://newsroom.astellas.us/2025-05-29-Astellas-Enters-Exclusive-License-Agreement-with-Evopoint-Biosciences-for-XNW27011,-a-Novel-Clinical-stage-Antibody-Drug-Conjugate-Targeting-CLDN18-2"
ossium health inc,https://www.linkedin.com/company/ossiumhealth
protagonist therapeutics inc,https://www.linkedin.com/company/protagonist-therapeutics
glycotope gmbh,https://daiichisankyo.us/press-releases/-/article/daiichi-sankyo-acquires-intellectual-property-rights-for-anti-ta-muc1-antibody-in-ds-3939-from-glycotope-gmbh
endeavor biomedicines inc,https://www.biopharmadive.com/news/endeavor-john-hood-series-c-idiopathic-pulmonary-fibrosis-adc-her3/714060/
baili-bio (chengdu) pharmaceutical co ltd,https://systimmune.com/news-biokin
artbio inc,https://www.prnewswire.com/news-releases/artbio-announces-132-million-series-b-financing-to-advance-pipeline-of-alpha-radioligand-therapies-and-expand-manufacturing-and-supply-chain-infrastructure-302515362.html
cyteir therapeutics inc (inactive),https://neurodex.co/lexingtons-cyteir-therapeutics-to-close/
reunion neuroscience inc,https://www.linkedin.com/company/reunionneuro
imago biosciences inc,https://www.iposcoop.com/ipo/imago-biosciences-inc/
otonomy inc (inactive),https://www.sandiegouniontribune.com/2022/12/20/san-diego-biotech-that-studied-tinnitus-ear-diseases-is-closing-after-failing-to-find-a-buyer/
disarm therapeutics inc,https://www.prnewswire.com/news-releases/lilly-announces-agreement-to-acquire-disarm-therapeutics-301153277.html
jade pharmaceuticals inc,https://finance.yahoo.com/news/jade-biosciences-announces-135-million-110000547.html
monopar therapeutics inc,https://finance.yahoo.com/news/why-monopar-therapeutics-inc-mnpr-002249060.html
heronova pharmaceuticals,https://www.mobihealthnews.com/news/womens-health-company-heranova-lifesciences-launches-135m
splice bio sl,https://european-biotechnology.com/latest-news/splicebio-sl-secures-us135m-in-series-b-financing/
adcendo aps,https://www.prnewswire.com/news-releases/adcendo-aps-completes-oversubscribed-135-million-series-b-financing-to-advance-first-in-class-adc-pipeline-302314835.html
hemab aps,https://www.prnewswire.com/news-releases/hemab-therapeutics-announces-135m-series-b-financing-to-advance-first-prophylactic-treatments-for-underserved-bleeding-and-thrombotic-disorders-301750293.html
vividion therapeutics inc,https://www.crunchbase.com/organization/vividion-therapeutics
encoded therapeutics inc,https://www.crunchbase.com/organization/encoded-genomics
shanghai haihe biopharma co ltd,https://www.haihepharma.com/en
velosbio inc,https://www.businesswire.com/news/home/20200708005049/en/VelosBio-Raises-%24137-Million-in-Series-B-Financing-to-Advance-Development-of-ROR1-Directed-Therapeutics-in-Oncology
amolyt pharma,https://www.linkedin.com/company/amolytpharma
tubulis gmbh,https://www.crunchbase.com/organization/tubulis-technologies
genequantum healthcare suzhou co ltd,https://convention.bio.org/program-1/genequantum-healthcare
imaginab inc,https://www.auntminnie.com/resources/vendors/radiopharmaceuticals/radiopharmeceuticals-nuclear-medicine/company/15554088/imaginab-inc
cocrystal pharma inc,https://www.globenewswire.com/news-release/2025/09/15/3150405/0/en/Cocrystal-Pharma-Inc-Announces-Closing-of-Up-To-13-Million-Registered-Direct-Offering-Priced-At-The-Market-Under-Nasdaq-Rules.html
outlook therapeutics inc,https://www.linkedin.com/company/outlook-therapeutics
taiga biotechnologies inc (inactive),https://www.linkedin.com/company/taiga-biotechnologies
hangzhou synrx therapeutics co ltd,https://tracxn.com/d/companies/synrx-therapeutics/__H9cn8AaYZUk_YwoCjimSBM1f4el2W19nEEu8aBh5lto
mercator medsystems inc,https://www.linkedin.com/company/mercator-medsystems-inc
scancell holdings plc,https://uk.linkedin.com/company/scancell-limited
chelsea therapeutics international ltd,https://www.cbinsights.com/company/chelsea-therapeutics-international
intervexion therapeutics llc,https://news.uams.edu/tag/intervexion-therapeutics/
cessation therapeutics inc,https://www.businesswire.com/news/home/20231018223510/en/Cessation-Therapeutics-Awarded-%2414.8-Million-Grant-from-the-National-Institute-of-Drug-Abuse-to-Develop-Novel-Formulation-of-Anti-Fentanyl-Monoclonal-Antibody
avistone biotechnology co ltd,https://www.linkedin.com/company/avistone-biotechnology-co-inc
keros therapeutics inc,https://www.linkedin.com/company/keros-therapeutics
xoma corp,https://xoma.com/
capsida biotherapeutics inc,https://www.biospace.com/employer/2388561/capsida-biotherapeutics/
draig therapeutics ltd,https://www.pharmaceutical-technology.com/news/draig-funding-neuropsychiatric-disorder-therapies/
rvac medicines pte ltd,https://www.linkedin.com/company/rvac-medicines
abdera therapeutics inc,https://www.crunchbase.com/organization/abdera-therapeutics
verve therapeutics inc,https://www.linkedin.com/company/verve-therapeutics-inc
river vision development corp (inactive),https://www.fiercebiotech.com/biotech/horizon-pharma-145m-river-vision-buy-and-its-fast-tracked-eye-med
azafaros bv,https://european-biotechnology.com/latest-news/azafaros-bv-bags-e132m-series-b-financing/
pulmocide ltd,https://www.ipgroupplc.com/news-and-events/portfolio-news/2022/2022-12-06
noema pharma ag,https://www.businesswire.com/news/home/20241211787741/en/Noema-Pharma-extends-Series-B-financing-round-closing-at-CHF-130-Million-%24147-Million
cervomed inc,https://www.linkedin.com/company/cervomed
la jolla pharmaceutical company,https://www.fiercepharma.com/pharma/innoviva-snaps-la-jolla-and-its-two-fda-approved-drugs-149-million
medivation inc (inactive),https://www.pfizer.com/news/press-release/press-release-detail/pfizer-acquire-medivation
exact therapeutics as,https://live.euronext.com/en/ipo-showcase/exact-therapeutics
bailisi kang biomedicine (hangzhou) co ltd,https://www.moomoo.com/news/post/54883203/baolisi-kang-has-received-over-100-million-yuan-in-series
neurovia inc (inactive),https://globalventuring.com/university/neurovia-journeys-to-14m-series-a/
cytosinlab therapeutics co ltd,https://www.linkedin.com/company/cytosinlab-therapeutics
junhemeng biopharmaceutical (tonghua) co ltd,https://www.linkedin.com/pulse/newsletter-chinas-life-science-industry-may-oiqjc
qurebio ltd,https://www.prnewswire.com/news-releases/qurebio-ltd-completes-nearly-cny-100-million-series-c1-financing-led-by-efung-capital-accelerating-clinical-progress-in-global-competition-for-core-pipelines-302473108.html
pulmovant inc,https://www.biocentury.com/article/653496/deals-report-roivant-sets-up-pulmovant-to-advance-hypertension-therapy
pelican therapeutics inc,https://ir.scorpiusbiologics.com/news-events/press-releases/detail/562/heat-biologics-announces-completion-of-acquisition-of-pelican-therapeutics
rege nephro co ltd,https://www.crunchbase.com/organization/rege-nephro
xiangxue life sciences,https://www.cbinsights.com/company/xiangxue-life-sciences
tiumbio co ltd,https://www.crunchbase.com/organization/tiumbio
oryzon genomics sa,https://www.crunchbase.com/organization/oryzon-genomics
nuvectis pharma inc,https://www.linkedin.com/company/nuvectis
capella bioscience ltd (inactive),https://www.fiercebiotech.com/biotech/capella-bioscience-completes-series-a-financing-of-%C2%A311-million-15-5-million-to-progress
airway therapeutics inc,https://www.linkedin.com/company/airway-therapeutics
medimmune llc (inactive),https://www.nytimes.com/2007/04/24/business/24drug-web.html
aevi genomic medicine inc (inactive),https://www.marketscreener.com/quote/stock/AEVI-GENOMIC-MEDICINE-INC-32526460/
rinri therapeutics ltd,https://tracxn.com/d/companies/rinri-therapeutics/__Lyhw5tQnp7D9bp2ScDwd8kMKL1I1UgDQ0VYBUWQuCTw
suzhou genhouse pharmaceutical co ltd,https://bouncewatch.com/explore/startup/suzhou-genhouse-pharmaceutical-coltd
suzhou regend therapeutics co ltd,https://tracxn.com/d/companies/regend-therapeutics/__nawlUXEpCdru7oCTbv-cbo6_R08Tm36D7oHn4tv7eYs
calimmune inc,https://www.linkedin.com/company/calimmune-inc
graphite bio inc,"https://www.linkedin.com/company/graphitebio#:~:text=Graphite%20Bio%20is%20a%20clinical,serious%20and%20life%2Dthreatening%20diseases."
throne biotechnologies inc,https://www.crunchbase.com/organization/throne-biotechnologies
rocket pharmaceuticals inc,https://www.globaldata.com/company-profile/inotek-pharmaceuticals-corp/
atsena therapeutics inc,https://www.globenewswire.com/news-release/2025/04/02/3054152/0/en/Atsena-Therapeutics-Announces-Oversubscribed-150-Million-Series-C-Financing-to-Further-Advance-Ocular-Gene-Therapy-Programs.html
peloton therapeutics inc,https://www.foresitecapital.com/portfolio/peloton-therapeutics/
biocon biologics ltd,https://in.linkedin.com/company/bioconbiologics
kashiv biosciences llc,https://www.businesswire.com/news/home/20250403907363/en/Kashiv-BioSciences-Secures-%24150-Million-Debt-Financing-from-GoldenTree-Asset-Management
gh research plc,https://www.linkedin.com/company/ghresearch
rednvia co ltd,https://www.cbinsights.com/company/rednvia
regenxbio inc,https://www.linkedin.com/company/regenx
allakos inc,https://www.linkedin.com/company/allakos-inc
arcus biosciences inc,https://www.crunchbase.com/organization/arcus-biosciences
rapt therapeutics inc,https://www.linkedin.com/company/rapt
alpine immune sciences inc,https://www.linkedin.com/company/alpine-immune-sciences
arcutis biotherapeutics inc,https://finance.yahoo.com/quote/ARQT/
kura oncology inc,https://finance.yahoo.com/quote/KURA/profile/
compass pathways plc,https://uk.linkedin.com/company/compass-pathways
maze therapeutics inc,https://www.linkedin.com/company/mazetx
clasp therapeutics inc,https://www.crunchbase.com/organization/clasp-therapeutics
exegenesis bio inc,https://www.linkedin.com/company/exegenesis
latigo biotherapeutics inc,https://www.biopharmadive.com/news/latigo-series-b-pain-non-opioid-nav/742635/
catalym gmbh,https://european-biotechnology.com/latest-news/catalym-raises-us150m/
carmot therapeutics inc,https://www.linkedin.com/company/carmot-therapeutics-inc
lumen bioscience inc,https://www.lumen.bio/
sirius therapeutics inc,https://www.linkedin.com/company/sirius-therapeutics-inc
artios pharma ltd,https://www.crunchbase.com/organization/artios-pharma
arthrosi therapeutics inc,https://www.prnewswire.com/news-releases/arthrosi-secures-153-million-in-series-e-financing-to-complete-pivotal-development-of-pozdeutinurad-for-the-treatment-of-gout-and-tophaceous-gout-302578248.html
nmd pharma as,https://international.au.dk/collaboration/technology-transfer/spin-outs/nmd-pharma
hongyun huaning (hangzhou) biopharmaceutical co ltd,https://www.bioworld.com/articles/509777-hongyun-closes-155m-series-b-to-develop-new-generation-egfr-inhibitor
iteos therapeutics sa,https://www.biopharmadive.com/news/iteos-operations-wind-down-biotech-shareholders/749137/
cytomx therapeutics inc,https://seekingalpha.com/article/4828073-cytomx-a-fresh-start-with-new-drugs-after-total-pipeline-failure
neurolixis inc,https://www.crunchbase.com/organization/neurolixis-inc
tengion inc (inactive),https://www.biospace.com/tengion-inc-gets-last-minute-financing-to-stay-alive
vitaeris inc,https://www.biospace.com/csl-behring-buys-vitaeris-picks-up-transplant-rejection-therapeutic
hybridon inc,https://www.pharmaceuticalonline.com/doc/avecia-acquires-hybridons-dna-manufacturing-b-0002
novan inc,https://investor.ligand.com/news-and-events/press-releases/news-details/2023/Ligand-Offers-15-Million-To-Acquire-Assets-Of-Novan-Inc/default.aspx
freeline therapeutics holdings plc,https://www.synconaltd.com/news-insights/news/syncona-to-acquire-freeline-therapeutics/
mina therapeutics ltd,https://uk.linkedin.com/company/mina-therapeutics
eicosis llc,https://research.ucdavis.edu/eicosis-receives-15m-to-help-fund-human-clinical-trials-of-non-opioid-pain-therapy/
achaogen inc (inactive),https://www.nature.com/articles/s41599-024-03452-0
kiora pharmaceuticals inc,https://at.linkedin.com/company/kiorapharma
lyra therapeutics inc,https://lyratherapeutics.com/
mabion sa,https://www.mabion.eu/
cohbar inc,https://www.biospace.com/cohbar-inc-and-morphogenesis-inc-enter-into-definitive-merger-agreement-to-advance-an-innovative-late-stage-clinical-immuno-oncology-pipeline-of-therapies-to-overcome-resistance-to-cancer-immunotherapy
bolt biotherapeutics inc,https://www.linkedin.com/company/bolt-biotherapeutics-inc
edesa biotech inc,https://ca.linkedin.com/company/edesa-biotech
clearside biomedical inc,https://www.linkedin.com/company/clearside-biomedical-inc-
durect corp,https://www.linkedin.com/company/durect-corporation
tern therapeutics llc,https://www.linkedin.com/company/terntx
alessa therapeutics inc,https://innovation.ucsf.edu/news/alessa-therapeutics-announces-closing-15m-seed-financing
mabspace international ltd,https://www.lavfund.com/blog/mabspace-biosciences-secures-15-million-in-series-a-financing-from-lilly
bioxodes sa,https://www.biospace.com/press-releases/bioxodes-secures-new-funds-to-reach-early-2025-milestones-and-pursue-series-b-financing
serda therapeutics bv,https://nl.linkedin.com/company/serda-therapeutics
baoyuan biopharmaceuticals technology hangzhou co ltd,https://www.prnewswire.com/news-releases/preclincal-results-of-baoyuans-next-generation-ros1ntrk-inhibitor-ab-106-published-in-nature-communications-300925036.html
yourchoice therapeutics inc,https://www.biospace.com/press-releases/yourchoice-therapeutics-announces-nature-publication
malaghan institute of medical research,https://nz.linkedin.com/company/malaghan-institute-of-medical-research
metagen therapeutics inc,https://www.linkedin.com/company/metagentx/
thryv therapeutics inc,https://www.biospace.com/press-releases/thryv-therapeutics-to-share-recent-clinical-results-and-participate-in-upcoming-healthcare-investor-conferences
recode therapeutics inc,https://www.crunchbase.com/organization/recode-therapeutics
highlight therapeutics sl,https://www.linkedin.com/company/highlight-therapeutics?trk=ppro_cprof
tract therapeutics inc,https://www.crunchbase.com/organization/tract-therapeutics
pharmazz inc,https://finance.yahoo.com/news/pharmazz-inc-sun-pharma-entered-110000385.html
spikimm sas,https://www.pasteur.fr/en/spikimm-receives-major-funding-accelerate-clinical-and-industrial-development-its-monoclonal
canadian immunization research network,https://research.mcmaster.ca/funding/cihr-canadian-immunization-research-network-cirn/
7tm pharma a/s (inactive),https://sciencebusiness.net/news/69758/7TM-closes-%2415M-round-and-sells-rights-to-OSI
braxia scientific corp,https://www.bcsc.bc.ca/industry/issuer-regulation/reporting-issuers/reporting-issuers-list/s7s1s6s0s7s6s7sds6s3s7s1
marker therapeutics inc,https://www.linkedin.com/company/marker-therapeutics
salarius pharmaceuticals inc,https://salariuspharma.com/
epsilogen ltd,https://european-biotechnology.com/latest-news/epsilogen-ltd-completes-12-5m-series-b-expansion/
rigel pharmaceuticals inc,https://www.linkedin.com/company/rigel
pentixapharm gmbh,https://www.crunchbase.com/organization/pentixapharm
oculis sa,https://finance.yahoo.com/quote/OCS/
dermavant sciences inc,https://www.linkedin.com/company/dermavant-sciences
krystal biotech inc,https://www.linkedin.com/company/krystal-biotech-inc
genor biopharma co ltd,https://dealstreetasia.com
rayzebio inc,https://www.linkedin.com/company/rayzebio
f-star therapeutics inc,https://www.businesswire.com/news/home/20230308005755/en/invoX-Pharma-Completes-Acquisition-of-F-star-Therapeutics-Inc.
spark therapeutics inc,https://en.wikipedia.org/wiki/Spark_Therapeutics
nuvig therapeutics inc,https://www.businesswire.com/news/home/20241205877164/en/Nuvig-Therapeutics-Announces-%24161-Million-Series-B-Financing-and-Progression-to-Phase-2-Development-with-Novel-Second-Generation-Immunomodulator
keryx biopharmaceuticals inc,https://www.biopharmadive.com/news/akebia-keryx-to-merge-creating-1b-kidney-disease-company/526761/
third arc bio inc,https://www.prnewswire.com/news-releases/third-arc-bio-launches-with-oversubscribed-165-million-series-a-financing-to-deliver-superior-biologics-for-solid-tumors-and-inflammatory--immunology-ii-diseases-302201952.html
bicara therapeutics inc,https://www.linkedin.com/company/bicara-therapeutics
artiva biotherapeutics inc,https://www.iposcoop.com/ipo/artiva-biotherapeutics-inc/
epigenetix inc,https://tracxn.com/d/companies/epigenetix/__uamY1SlASgdrMnH5Z4Xu1Lx_Vqpm7mzMJqu8tHuU49I
ji xing pharmaceuticals ltd,https://www.cbinsights.com/company/ji-xing-pharmaceuticals
kadimastem ltd,https://www.linkedin.com/company/kadimastem/
vaccitech plc,https://en.wikipedia.org/wiki/Barinthus_Biotherapeutics
viela bio inc,https://www.linkedin.com/company/viela-bio
biogencell ltd,https://www.calcalistech.com/ctechnews/article/hki11xl2wa
vessl therapeutics ltd,https://en.globes.co.il/en/article-israeli-co-vessl-therapeutics-raises-16m-1001368678
agenus inc,https://www.linkedin.com/company/agenus
verastem inc,https://en.wikipedia.org/wiki/Verastem_Oncology
versantis ag,https://www.venturekick.ch/versantis
elysium therapeutics inc,https://www.linkedin.com/company/elysium-therapeutics-inc-
dialectic therapeutics inc,https://www.dtsciences.com/
longeveron inc,https://finance.yahoo.com/news/longeveron-announces-17-5-million-172800184.html
lycera corp (inactive),https://www.prnewswire.com/news-releases/lycera-announces-celgene-has-exercised-its-option-to-license-portfolio-of-ex-vivo-rorgamma-agonist-compounds-under-global-strategic-collaboration-300201777.html
4sc ag,https://imux.com/immunic-acquires-4scs-immunology-portfolio/
erytech pharma sa,https://live.euronext.com/en/ipo-showcase/erytech-pharma
plus therapeutics inc,https://en.wikipedia.org/wiki/Plus_Therapeutics
ubix therapeutics inc,https://www.crunchbase.com/organization/ubix-therapeutics
beacon therapeutics ltd,https://www.prnewswire.com/news-releases/beacon-therapeutics-raises-170-million-in-series-b-funding-to-advance-development-of-ophthalmic-gene-therapies-302188599.html
sutro biopharma inc,https://en.wikipedia.org/wiki/Sutro_Biopharma
bavarian nordic as,https://www.linkedin.com/company/bavariannordic
prothena corp plc,https://www.linkedin.com/company/prothena_biosciences_inc
tourmaline bio inc,https://www.linkedin.com/company/tourmaline-bio
burnet institute,https://www.gatesfoundation.org/about/committed-grants/2017/11/inv-010292
akcea therapeutics inc,https://www.prnewswire.com/news-releases/ionis-pharmaceuticals-completes-acquisition-of-akcea-therapeutics-301150205.html
gemini therapeutics inc,https://www.discmedicine.com/news/gemini-therapeutics-and-disc-medicine-announce-merger-agreement/
propella therapeutics inc (inactive),https://www.tracxn.com/d/companies/propella-therapeutics/__Z9JfFBybEa_rghuSCwoo7nAFpNzhmYz_rS-I3eGHf6g
sab bio,https://www.linkedin.com/company/sab-biotherapeutics
assembly biosciences inc,https://www.biospace.com/press-releases/assembly-biosciences-announces-pricing-of-175-million-in-equity-financings
rhythm pharmaceuticals inc,https://www.linkedin.com/company/rhythm-pharmaceuticals-inc-
sab biotherapeutics inc,https://www.linkedin.com/company/sab-biotherapeutics
day one biopharmaceuticals holding co llc,https://www.linkedin.com/company/dayonebio
day one biopharmaceuticals inc,https://www.linkedin.com/company/dayonebio
ovid therapeutics inc,https://www.cnn.com/markets/stocks/OVID
aktis oncology inc,https://www.crunchbase.com/organization/aktis-oncology
can-fite biopharma ltd,https://finance.yahoo.com/quote/CANF/
chiasma inc,https://www.globenewswire.com/news-release/2021/05/05/2223243/0/en/Amryt-Pharma-to-Acquire-Chiasma-Inc-to-Further-Strengthen-Global-Leadership-in-Rare-and-Orphan-Diseases.html
bird rock bio inc,https://ir.skyebioscience.com/news-releases/detail/173/skye-completes-17m-financing-and-acquires-novel-phase-2-ready-cb1-inhibiting-monoclonal-antibody
captor therapeutics sa,https://ch.linkedin.com/company/captortherapeutics
emtora biosciences,https://www.cprit.texas.gov/grants-funded/grants/dp190069
transition therapeutics inc,https://tracxn.com/d/companies/transition-therapeutics/__bPQv9aF4ohU5ZJlUThTJEpUz1AJxihyyz2CGHCmE8do
innate pharma sa,https://pitchbook.com/profiles/company/13465-09
ankasa regenerative therapeutics inc,https://www.odtmag.com/breaking-news/ankasa-regenerative-therapeutics-receives-85-million-in-financing/
iterion therapeutics inc,https://www.linkedin.com/company/iterion-therapeutics
xwpharma ltd,https://www.xwpharma.com/
vaderis therapeutics ag,https://www.swissbiotech.org/listing/vaderis-therapeutics-ag/
onconano medicine inc,https://www.crunchbase.com/organization/onconano-medicine
epion therapeutics inc,https://www.newworldangels.com/news/nwa-invests-epion-therapeutics
anwita biosciences inc,https://anwitabio.com/
tachyon therapeutics inc,https://www.biospace.com/tachyon-announces-financing-and-start-of-clinical-study-of-first-in-class-kdm4-inhibitor-for-advanced-cancers
medeor therapeutics inc,https://www.crunchbase.com/organization/medeor-therapeutics
beam therapeutics inc,https://en.wikipedia.org/wiki/Beam_Therapeutics
minovia therapeutics ltd,https://finance.yahoo.com/news/minovia-therapeutics-ltd-launch-one-123000200.html
oruka therapeutics inc,https://www.linkedin.com/company/oruka-therapeutics
keymed biosciences inc,"https://finance.yahoo.com/quote/2162.HK/#:~:text=Keymed%20Biosciences%20Inc.%2C%20a%20biotechnology,in%20Mainland%20China%20and%20internationally."
numab therapeutics ag,https://www.bakermckenzie.com/en/newsroom/2025/01/numab-therapeutics-in-series-c-financing-round
alentis therapeutics ag,https://www.businesswire.com/news/home/20241112618033/en/Alentis-Therapeutics-Raises-%24181.4-Million-in-an-Oversubscribed-Series-D-Financing-to-Advance-the-Clinical-Development-of-Anti-Claudin-1-ADCs-in-Solid-Tumors
beigene (suzhou) co ltd,https://en.wikipedia.org/wiki/BeOne_Medicines
beigene ltd,https://en.wikipedia.org/wiki/BeOne_Medicines
bluejay therapeutics inc,https://www.crunchbase.com/organization/bluejay-therapeutics
sionna therapeutics inc,https://www.linkedin.com/company/sionna-therapeutics
erasca inc,https://www.linkedin.com/company/erasca
genfleet therapeutics (shanghai) inc,https://synapse.patsnap.com/organization/40bf01d212e70db17bb7757f99a2a68f
kuur therapeutics ltd,https://www.ppf.eu/en/insights/biotech-market/may-2021-review-of-news-from-the-most-innovative-therapeutic-areas-and-the-busine/athenex-agreed-to-acquired-kuur-for-usd185-million-adding-car-nkt-platform
tectonic therapeutic inc,https://www.linkedin.com/company/tectonictx
third harmonic bio inc,https://www.biopharmadive.com/news/third-harmonic-bio-dissolution-strategic-alternatives/745263/
immunoact pvt ltd,https://www.biospectrumasia.com/analysis/115/25375/startup-of-the-year-2024-immunoact.html
nanobiotix sa,https://en.wikipedia.org/wiki/Nanobiotix
purple biotech ltd,https://finance.yahoo.com/news/purple-biotech-announces-closing-18-200000564.html
immune pharmaceuticals inc,https://www.crunchbase.com/organization/immune-pharmaceuticals
panolos bioscience,https://www.linkedin.com/company/panolos-bioscience/
proviva therapeutics inc,https://tracxn.com/d/companies/proviva-therapeutics/__tfMv7ihWNX7CE-WzMiPXDJCIX-mlUl7QGXPQws6TcsA
aravive inc,https://www.globenewswire.com/search/organization/Aravive%CE%B4%2520Inc%C2%A7
opsona therapeutics ltd (inactive),https://en.wikipedia.org/wiki/Opsona_Therapeutics
silenseed ltd,https://en.tgt.co.il/project-35/silenseed/
synairgen plc,https://uk.linkedin.com/company/synairgen
pikralida sp zoo,Not Found
pharmain corp,https://www.sbir.gov/portfolio/269126
omeicos therapeutics gmbh,https://www.linkedin.com/company/omeicos-therapeutics-gmbh
pentixapharm holding ag,https://www.deutsche-boerse-cash-market.com/dbcm-en/instruments-statistics/statistics/primary-market-statistics/Pentixapharm-Holding-AG-4120852
bharat biotech ltd,https://www.gatesfoundation.org/about/committed-grants/2019/11/inv003491
u.s. stem cell inc,https://www.linkedin.com/company/u.s.-stem-cell-inc
ascentage pharma group inc,https://www.linkedin.com/company/ascentage-pharma-group-corporation
epizyme inc,https://www.ipsen.com/press-releases/ipsen-to-acquire-epizyme-expanding-its-portfolio-in-oncology/
inmune bio inc,https://www.reddit.com/r/pennystocks/comments/1lm4b8r/inmune_bio_a_potential_alzheimers_gamechanger/
avecho biotechnology ltd,https://au.linkedin.com/company/avecholtd
lygenesis inc,https://www.crunchbase.com/organization/lygenesis
syndesi therapeutics sa,https://www.pearceip.law/2022/03/01/abbvie-completes-its-acquisition-of-syndesi-therapeutics-sa/
multitude therapeutics inc,https://www.prnewswire.com/news-releases/adcendo-aps-and-multitude-therapeutics-inc-announce-global-development-and-commercialization-agreement-on-first-in-class-adc-drug-candidate-targeting-tissue-factor-302225429.html
multitude therapeutics inc (inactive),https://adcendo.com/adcendo-aps-and-multitude-therapeutics-inc-announce-global-development-and-commercialization-agreement-on-first-in-class-adc-drug-candidate-targeting-tissue-factor/
intarcia therapeutics inc,Not Found
hdt bio corp,https://www.crunchbase.com/organization/hdt-bio
esperare foundation,https://ch.linkedin.com/company/esperare-foundation
armgo pharma inc,https://www.mda.org/press-releases/armgo-pharma-receives-1-million-mda-award-to-continue-development-of-novel-dmd-treatment
asklepios biopharmaceutical inc,https://www.bayer.com/media/en-us/bayer-acquires-asklepios-biopharmaceutical-to-broaden-innovation-base-in-cell-and-gene-therapy/
xiamen tebao biological engineering co ltd,https://www.yicaiglobal.com/bulletin/253000000303241476
logicbio therapeutics inc,https://www.astrazeneca-us.com/media/press-releases/2022/alexion-astrazeneca-rare-disease-completes-acquisition-of-logicbio-therapeutics.html
harvard apparatus regenerative technology inc,https://www.linkedin.com/company/hregen-inc
tvax biomedical inc,https://www.linkedin.com/company/tvax-biomedical-inc-
eloxx pharmaceuticals inc,https://www.linkedin.com/company/eloxx-pharmaceuticals
cerrx inc,https://tracxn.com/d/companies/cerrx/__8QlLACR-200kEV0Q8WHGSfIJgRgq8SexA7khxegeVTc
treeway bv,https://www.alzdiscovery.org/research-and-grants/portfolio-details/20720200
allegheny-singer research institute,https://taggs.hhs.gov/Detail/RecipDetail?arg_EntityId=jor7XaTzbgQ0dNvSwSwktQ%3D%3D
endocyte inc (inactive),https://www.novartis.com/news/media-releases/novartis-announces-planned-acquisition-endocyte-expand-expertise-radiopharmaceuticals-and-build-commitment-transformational-therapeutic-platforms
angiocrine bioscience inc,https://www.linkedin.com/company/angiocrine-bioscience-inc-
"facet solutions, inc. (inactive)",https://www.linkedin.com/company/facet-solutions-inc.
providence therapeutics inc,https://www.crunchbase.com/organization/providence-therapeutics
amcure gmbh,https://www.linkedin.com/company/amcure-gmbh
addex therapeutics ltd,https://ch.linkedin.com/company/addex-therapeutics
helix biopharma corp,https://ca.linkedin.com/company/helix-biopharma-corp
diffusion pharmaceuticals inc,https://en.wikipedia.org/wiki/Diffusion_Pharmaceuticals
initiator pharma as,https://www.linkedin.com/company/initiatorpharma.com
cannamore biotechs ltd,https://www.ivc-online.com/Google-Card?id=878d0eeb-5bd4-e911-8106-0050569a1018
cost-bry pty ltd,https://statedevelopment.sa.gov.au/news/sa-business-success
